Date,GEO,MEASURES,Value
1925,Newfoundland and Labrador,Household income per capita,..
1926,Newfoundland and Labrador,Household income per capita,..
1927,Newfoundland and Labrador,Household income per capita,..
1928,Newfoundland and Labrador,Household income per capita,..
1929,Newfoundland and Labrador,Household income per capita,..
1930,Newfoundland and Labrador,Household income per capita,..
1931,Newfoundland and Labrador,Household income per capita,..
1932,Newfoundland and Labrador,Household income per capita,..
1933,Newfoundland and Labrador,Household income per capita,..
1934,Newfoundland and Labrador,Household income per capita,..
1935,Newfoundland and Labrador,Household income per capita,..
1936,Newfoundland and Labrador,Household income per capita,..
1937,Newfoundland and Labrador,Household income per capita,..
1938,Newfoundland and Labrador,Household income per capita,..
1939,Newfoundland and Labrador,Household income per capita,..
1940,Newfoundland and Labrador,Household income per capita,..
1941,Newfoundland and Labrador,Household income per capita,..
1942,Newfoundland and Labrador,Household income per capita,..
1943,Newfoundland and Labrador,Household income per capita,..
1944,Newfoundland and Labrador,Household income per capita,..
1945,Newfoundland and Labrador,Household income per capita,..
1946,Newfoundland and Labrador,Household income per capita,..
1947,Newfoundland and Labrador,Household income per capita,..
1948,Newfoundland and Labrador,Household income per capita,..
1949,Newfoundland and Labrador,Household income per capita,487
1950,Newfoundland and Labrador,Household income per capita,507.1
1951,Newfoundland and Labrador,Household income per capita,554
1952,Newfoundland and Labrador,Household income per capita,595.7
1953,Newfoundland and Labrador,Household income per capita,638.7
1954,Newfoundland and Labrador,Household income per capita,661.6
1955,Newfoundland and Labrador,Household income per capita,693.1
1956,Newfoundland and Labrador,Household income per capita,751.2
1957,Newfoundland and Labrador,Household income per capita,791.5
1958,Newfoundland and Labrador,Household income per capita,802.3
1959,Newfoundland and Labrador,Household income per capita,836
1960,Newfoundland and Labrador,Household income per capita,881.4
1961,Newfoundland and Labrador,Household income per capita,953.9
1962,Newfoundland and Labrador,Household income per capita,987.1
1963,Newfoundland and Labrador,Household income per capita,1044.3
1964,Newfoundland and Labrador,Household income per capita,1105.8
1965,Newfoundland and Labrador,Household income per capita,1205.8
1966,Newfoundland and Labrador,Household income per capita,1351.6
1967,Newfoundland and Labrador,Household income per capita,1477.9
1968,Newfoundland and Labrador,Household income per capita,1607.9
1969,Newfoundland and Labrador,Household income per capita,1736.8
1970,Newfoundland and Labrador,Household income per capita,1908.9
1971,Newfoundland and Labrador,Household income per capita,2103.6
1972,Newfoundland and Labrador,Household income per capita,2338.9
1973,Newfoundland and Labrador,Household income per capita,2716.9
1974,Newfoundland and Labrador,Household income per capita,3325.4
1975,Newfoundland and Labrador,Household income per capita,3927.8
1976,Newfoundland and Labrador,Household income per capita,4399.3
1977,Newfoundland and Labrador,Household income per capita,4946.8
1978,Newfoundland and Labrador,Household income per capita,5349.2
1979,Newfoundland and Labrador,Household income per capita,6024.6
1980,Newfoundland and Labrador,Household income per capita,6510.5
1981,Newfoundland and Labrador,Household income per capita,7423.3
1982,Newfoundland and Labrador,Household income per capita,8329.8
1983,Newfoundland and Labrador,Household income per capita,8588.2
1984,Newfoundland and Labrador,Household income per capita,9120.7
1985,Newfoundland and Labrador,Household income per capita,9830.7
1986,Newfoundland and Labrador,Household income per capita,10606.6
1987,Newfoundland and Labrador,Household income per capita,11765.6
1988,Newfoundland and Labrador,Household income per capita,12883.5
1989,Newfoundland and Labrador,Household income per capita,13699.7
1990,Newfoundland and Labrador,Household income per capita,14724.4
1991,Newfoundland and Labrador,Household income per capita,15475.8
1992,Newfoundland and Labrador,Household income per capita,15805.2
1993,Newfoundland and Labrador,Household income per capita,16048.3
1994,Newfoundland and Labrador,Household income per capita,16724
1995,Newfoundland and Labrador,Household income per capita,17054.5
1996,Newfoundland and Labrador,Household income per capita,17117.4
1997,Newfoundland and Labrador,Household income per capita,17412.3
1998,Newfoundland and Labrador,Household income per capita,18077.5
1999,Newfoundland and Labrador,Household income per capita,19355.8
2000,Newfoundland and Labrador,Household income per capita,20403.8
2001,Newfoundland and Labrador,Household income per capita,21529.6
2002,Newfoundland and Labrador,Household income per capita,22509.6
2003,Newfoundland and Labrador,Household income per capita,23560.7
2004,Newfoundland and Labrador,Household income per capita,24289.6
2005,Newfoundland and Labrador,Household income per capita,25301
2006,Newfoundland and Labrador,Household income per capita,31035.2
2007,Newfoundland and Labrador,Household income per capita,31135.6
2008,Newfoundland and Labrador,Household income per capita,31123.3
2009,Newfoundland and Labrador,Household income per capita,32687.4
2010,Newfoundland and Labrador,Household income per capita,33823.4
2011,Newfoundland and Labrador,Household income per capita,36057.3
2012,Newfoundland and Labrador,Household income per capita,38347.9
2013,Newfoundland and Labrador,Household income per capita,40481.1
1926,Prince Edward Island,Household income per capita,229.9
1927,Prince Edward Island,Household income per capita,241.4
1928,Prince Edward Island,Household income per capita,238.6
1929,Prince Edward Island,Household income per capita,261.4
1930,Prince Edward Island,Household income per capita,215.9
1931,Prince Edward Island,Household income per capita,170.5
1932,Prince Edward Island,Household income per capita,146.1
1933,Prince Edward Island,Household income per capita,133.3
1934,Prince Edward Island,Household income per capita,142.9
1935,Prince Edward Island,Household income per capita,163
1936,Prince Edward Island,Household income per capita,172
1937,Prince Edward Island,Household income per capita,204.3
1938,Prince Edward Island,Household income per capita,191.5
1939,Prince Edward Island,Household income per capita,212.8
1940,Prince Edward Island,Household income per capita,221.1
1941,Prince Edward Island,Household income per capita,231.6
1942,Prince Edward Island,Household income per capita,300
1943,Prince Edward Island,Household income per capita,351.6
1944,Prince Edward Island,Household income per capita,384.6
1945,Prince Edward Island,Household income per capita,423.9
1946,Prince Edward Island,Household income per capita,446.8
1947,Prince Edward Island,Household income per capita,457.4
1948,Prince Edward Island,Household income per capita,505.4
1949,Prince Edward Island,Household income per capita,553.2
1950,Prince Edward Island,Household income per capita,562.5
1951,Prince Edward Island,Household income per capita,642.9
1952,Prince Edward Island,Household income per capita,760
1953,Prince Edward Island,Household income per capita,633.7
1954,Prince Edward Island,Household income per capita,653.5
1955,Prince Edward Island,Household income per capita,660
1956,Prince Edward Island,Household income per capita,848.5
1957,Prince Edward Island,Household income per capita,757.6
1958,Prince Edward Island,Household income per capita,810
1959,Prince Edward Island,Household income per capita,920.8
1960,Prince Edward Island,Household income per capita,912.6
1961,Prince Edward Island,Household income per capita,971.2
1962,Prince Edward Island,Household income per capita,1018.7
1963,Prince Edward Island,Household income per capita,1064.8
1964,Prince Edward Island,Household income per capita,1174.3
1965,Prince Edward Island,Household income per capita,1284.4
1966,Prince Edward Island,Household income per capita,1463
1967,Prince Edward Island,Household income per capita,1513.8
1968,Prince Edward Island,Household income per capita,1627.3
1969,Prince Edward Island,Household income per capita,1783.8
1970,Prince Edward Island,Household income per capita,2036.4
1971,Prince Edward Island,Household income per capita,2081.1
1972,Prince Edward Island,Household income per capita,2433.6
1973,Prince Edward Island,Household income per capita,3000
1974,Prince Edward Island,Household income per capita,3569
1975,Prince Edward Island,Household income per capita,3940.2
1976,Prince Edward Island,Household income per capita,4678
1977,Prince Edward Island,Household income per capita,5033.6
1978,Prince Edward Island,Household income per capita,5768.6
1979,Prince Edward Island,Household income per capita,6319.7
1980,Prince Edward Island,Household income per capita,6878
1981,Prince Edward Island,Household income per capita,8089.4
1982,Prince Edward Island,Household income per capita,9463.4
1983,Prince Edward Island,Household income per capita,10064.5
1984,Prince Edward Island,Household income per capita,10571.4
1985,Prince Edward Island,Household income per capita,11291.3
1986,Prince Edward Island,Household income per capita,12406.3
1987,Prince Edward Island,Household income per capita,13240.3
1988,Prince Edward Island,Household income per capita,14550.4
1989,Prince Edward Island,Household income per capita,15469.2
1990,Prince Edward Island,Household income per capita,16492.3
1991,Prince Edward Island,Household income per capita,16984.6
1992,Prince Edward Island,Household income per capita,17458
1993,Prince Edward Island,Household income per capita,18136.4
1994,Prince Edward Island,Household income per capita,18112.8
1995,Prince Edward Island,Household income per capita,18649.3
1996,Prince Edward Island,Household income per capita,19066.7
1997,Prince Edward Island,Household income per capita,19264.7
1998,Prince Edward Island,Household income per capita,19926.5
1999,Prince Edward Island,Household income per capita,20889.7
2000,Prince Edward Island,Household income per capita,22088.2
2001,Prince Edward Island,Household income per capita,22595.6
2002,Prince Edward Island,Household income per capita,23839.4
2003,Prince Edward Island,Household income per capita,24292
2004,Prince Edward Island,Household income per capita,24826.1
2005,Prince Edward Island,Household income per capita,25847.8
2006,Prince Edward Island,Household income per capita,27137.7
2007,Prince Edward Island,Household income per capita,28587
2008,Prince Edward Island,Household income per capita,30000
2009,Prince Edward Island,Household income per capita,30762.6
2010,Prince Edward Island,Household income per capita,31624.1
2011,Prince Edward Island,Household income per capita,32531.5
2012,Prince Edward Island,Household income per capita,33455.2
2013,Prince Edward Island,Household income per capita,34048.3
1926,Nova Scotia,Household income per capita,304.9
1927,Nova Scotia,Household income per capita,312.6
1928,Nova Scotia,Household income per capita,339.8
1929,Nova Scotia,Household income per capita,349.5
1930,Nova Scotia,Household income per capita,332.7
1931,Nova Scotia,Household income per capita,282.7
1932,Nova Scotia,Household income per capita,227.4
1933,Nova Scotia,Household income per capita,219
1934,Nova Scotia,Household income per capita,235.4
1935,Nova Scotia,Household income per capita,253.7
1936,Nova Scotia,Household income per capita,274.4
1937,Nova Scotia,Household income per capita,307.8
1938,Nova Scotia,Household income per capita,304.5
1939,Nova Scotia,Household income per capita,310.2
1940,Nova Scotia,Household income per capita,355
1941,Nova Scotia,Household income per capita,420.4
1942,Nova Scotia,Household income per capita,514.4
1943,Nova Scotia,Household income per capita,584.2
1944,Nova Scotia,Household income per capita,628.5
1945,Nova Scotia,Household income per capita,654.3
1946,Nova Scotia,Household income per capita,723.7
1947,Nova Scotia,Household income per capita,733.3
1948,Nova Scotia,Household income per capita,744
1949,Nova Scotia,Household income per capita,783.8
1950,Nova Scotia,Household income per capita,818.2
1951,Nova Scotia,Household income per capita,875.6
1952,Nova Scotia,Household income per capita,980
1953,Nova Scotia,Household income per capita,1016.6
1954,Nova Scotia,Household income per capita,1047.8
1955,Nova Scotia,Household income per capita,1060.2
1956,Nova Scotia,Household income per capita,1116.9
1957,Nova Scotia,Household income per capita,1187.7
1958,Nova Scotia,Household income per capita,1226.3
1959,Nova Scotia,Household income per capita,1286.9
1960,Nova Scotia,Household income per capita,1342.1
1961,Nova Scotia,Household income per capita,1351
1962,Nova Scotia,Household income per capita,1400.5
1963,Nova Scotia,Household income per capita,1463.3
1964,Nova Scotia,Household income per capita,1551.1
1965,Nova Scotia,Household income per capita,1657.8
1966,Nova Scotia,Household income per capita,1821.2
1967,Nova Scotia,Household income per capita,2004
1968,Nova Scotia,Household income per capita,2166
1969,Nova Scotia,Household income per capita,2378.6
1970,Nova Scotia,Household income per capita,2529.5
1971,Nova Scotia,Household income per capita,2770.3
1972,Nova Scotia,Household income per capita,3168.5
1973,Nova Scotia,Household income per capita,3661.7
1974,Nova Scotia,Household income per capita,4324.4
1975,Nova Scotia,Household income per capita,4937
1976,Nova Scotia,Household income per capita,5491.6
1977,Nova Scotia,Household income per capita,6084.6
1978,Nova Scotia,Household income per capita,6798.6
1979,Nova Scotia,Household income per capita,7500
1980,Nova Scotia,Household income per capita,8160.8
1981,Nova Scotia,Household income per capita,9352.5
1982,Nova Scotia,Household income per capita,10454.5
1983,Nova Scotia,Household income per capita,11172.1
1984,Nova Scotia,Household income per capita,12030.8
1985,Nova Scotia,Household income per capita,13059.9
1986,Nova Scotia,Household income per capita,13726.4
1987,Nova Scotia,Household income per capita,14701.8
1988,Nova Scotia,Household income per capita,15850.4
1989,Nova Scotia,Household income per capita,16829.1
1990,Nova Scotia,Household income per capita,17856.8
1991,Nova Scotia,Household income per capita,18464.4
1992,Nova Scotia,Household income per capita,18957.5
1993,Nova Scotia,Household income per capita,19331.9
1994,Nova Scotia,Household income per capita,19450.3
1995,Nova Scotia,Household income per capita,19774.8
1996,Nova Scotia,Household income per capita,19749.5
1997,Nova Scotia,Household income per capita,20237.1
1998,Nova Scotia,Household income per capita,21220
1999,Nova Scotia,Household income per capita,22563.3
2000,Nova Scotia,Household income per capita,23418.6
2001,Nova Scotia,Household income per capita,24160.8
2002,Nova Scotia,Household income per capita,25064.2
2003,Nova Scotia,Household income per capita,25777.8
2004,Nova Scotia,Household income per capita,26592.1
2005,Nova Scotia,Household income per capita,28017.1
2006,Nova Scotia,Household income per capita,29183.4
2007,Nova Scotia,Household income per capita,30519.8
2008,Nova Scotia,Household income per capita,31794.9
2009,Nova Scotia,Household income per capita,32544.3
2010,Nova Scotia,Household income per capita,33368.8
2011,Nova Scotia,Household income per capita,34905.7
2012,Nova Scotia,Household income per capita,35145
2013,Nova Scotia,Household income per capita,36058.3
1926,New Brunswick,Household income per capita,280.3
1927,New Brunswick,Household income per capita,278.9
1928,New Brunswick,Household income per capita,296.8
1929,New Brunswick,Household income per capita,302
1930,New Brunswick,Household income per capita,283.3
1931,New Brunswick,Household income per capita,237.7
1932,New Brunswick,Household income per capita,186
1933,New Brunswick,Household income per capita,174.2
1934,New Brunswick,Household income per capita,186.8
1935,New Brunswick,Household income per capita,200.9
1936,New Brunswick,Household income per capita,221.7
1937,New Brunswick,Household income per capita,249.4
1938,New Brunswick,Household income per capita,237.6
1939,New Brunswick,Household income per capita,250.6
1940,New Brunswick,Household income per capita,287.6
1941,New Brunswick,Household income per capita,332.6
1942,New Brunswick,Household income per capita,394.4
1943,New Brunswick,Household income per capita,455.7
1944,New Brunswick,Household income per capita,492.4
1945,New Brunswick,Household income per capita,546
1946,New Brunswick,Household income per capita,606.7
1947,New Brunswick,Household income per capita,631.1
1948,New Brunswick,Household income per capita,684.7
1949,New Brunswick,Household income per capita,698.8
1950,New Brunswick,Household income per capita,740.2
1951,New Brunswick,Household income per capita,814
1952,New Brunswick,Household income per capita,845.4
1953,New Brunswick,Household income per capita,849.6
1954,New Brunswick,Household income per capita,879.2
1955,New Brunswick,Household income per capita,904.8
1956,New Brunswick,Household income per capita,978.3
1957,New Brunswick,Household income per capita,1005.4
1958,New Brunswick,Household income per capita,1042.2
1959,New Brunswick,Household income per capita,1094.8
1960,New Brunswick,Household income per capita,1146.5
1961,New Brunswick,Household income per capita,1134.2
1962,New Brunswick,Household income per capita,1173.8
1963,New Brunswick,Household income per capita,1248.4
1964,New Brunswick,Household income per capita,1350.8
1965,New Brunswick,Household income per capita,1465.8
1966,New Brunswick,Household income per capita,1647.7
1967,New Brunswick,Household income per capita,1756.1
1968,New Brunswick,Household income per capita,1918.3
1969,New Brunswick,Household income per capita,2095.7
1970,New Brunswick,Household income per capita,2290.7
1971,New Brunswick,Household income per capita,2518.2
1972,New Brunswick,Household income per capita,2822.5
1973,New Brunswick,Household income per capita,3240.9
1974,New Brunswick,Household income per capita,3871.8
1975,New Brunswick,Household income per capita,4486.6
1976,New Brunswick,Household income per capita,5055.2
1977,New Brunswick,Household income per capita,5485.6
1978,New Brunswick,Household income per capita,6030.1
1979,New Brunswick,Household income per capita,6636.2
1980,New Brunswick,Household income per capita,7333.8
1981,New Brunswick,Household income per capita,8448.2
1982,New Brunswick,Household income per capita,9505.7
1983,New Brunswick,Household income per capita,10103.9
1984,New Brunswick,Household income per capita,10809.5
1985,New Brunswick,Household income per capita,11511.1
1986,New Brunswick,Household income per capita,12454.4
1987,New Brunswick,Household income per capita,13379.6
1988,New Brunswick,Household income per capita,14506.2
1989,New Brunswick,Household income per capita,15491.8
1990,New Brunswick,Household income per capita,16332.9
1991,New Brunswick,Household income per capita,16985.2
1992,New Brunswick,Household income per capita,17649.3
1993,New Brunswick,Household income per capita,18052.1
1994,New Brunswick,Household income per capita,18435.2
1995,New Brunswick,Household income per capita,18950.7
1996,New Brunswick,Household income per capita,19070.5
1997,New Brunswick,Household income per capita,19502.7
1998,New Brunswick,Household income per capita,20355.5
1999,New Brunswick,Household income per capita,21513.3
2000,New Brunswick,Household income per capita,22400.8
2001,New Brunswick,Household income per capita,22962.7
2002,New Brunswick,Household income per capita,23782.4
2003,New Brunswick,Household income per capita,24487.3
2004,New Brunswick,Household income per capita,25543.4
2005,New Brunswick,Household income per capita,26534
2006,New Brunswick,Household income per capita,27857.9
2007,New Brunswick,Household income per capita,29377.2
2008,New Brunswick,Household income per capita,30925
2009,New Brunswick,Household income per capita,31599.5
2010,New Brunswick,Household income per capita,32420.2
2011,New Brunswick,Household income per capita,33552.3
2012,New Brunswick,Household income per capita,34465.6
2013,New Brunswick,Household income per capita,35238.4
1926,Quebec,Household income per capita,333.5
1927,Quebec,Household income per capita,345.9
1928,Quebec,Household income per capita,369.1
1929,Quebec,Household income per capita,388.9
1930,Quebec,Household income per capita,361.1
1931,Quebec,Household income per capita,307.9
1932,Quebec,Household income per capita,249.9
1933,Quebec,Household income per capita,229.5
1934,Quebec,Household income per capita,250
1935,Quebec,Household income per capita,260.4
1936,Quebec,Household income per capita,278.2
1937,Quebec,Household income per capita,306.3
1938,Quebec,Household income per capita,302.2
1939,Quebec,Household income per capita,311.5
1940,Quebec,Household income per capita,344.1
1941,Quebec,Household income per capita,410
1942,Quebec,Household income per capita,482
1943,Quebec,Household income per capita,532.8
1944,Quebec,Household income per capita,553.4
1945,Quebec,Household income per capita,570.2
1946,Quebec,Household income per capita,601.3
1947,Quebec,Household income per capita,686
1948,Quebec,Household income per capita,770.6
1949,Quebec,Household income per capita,783.9
1950,Quebec,Household income per capita,826.4
1951,Quebec,Household income per capita,931.5
1952,Quebec,Household income per capita,1015.7
1953,Quebec,Household income per capita,1058.4
1954,Quebec,Household income per capita,1064.6
1955,Quebec,Household income per capita,1089.9
1956,Quebec,Household income per capita,1171.9
1957,Quebec,Household income per capita,1241.5
1958,Quebec,Household income per capita,1261.3
1959,Quebec,Household income per capita,1295.3
1960,Quebec,Household income per capita,1341.7
1961,Quebec,Household income per capita,1389.8
1962,Quebec,Household income per capita,1473.6
1963,Quebec,Household income per capita,1531.8
1964,Quebec,Household income per capita,1645.2
1965,Quebec,Household income per capita,1776.8
1966,Quebec,Household income per capita,1951.4
1967,Quebec,Household income per capita,2136.7
1968,Quebec,Household income per capita,2267.4
1969,Quebec,Household income per capita,2464.3
1970,Quebec,Household income per capita,2635.8
1971,Quebec,Household income per capita,2892.9
1972,Quebec,Household income per capita,3230.8
1973,Quebec,Household income per capita,3695.9
1974,Quebec,Household income per capita,4366.9
1975,Quebec,Household income per capita,5057.7
1976,Quebec,Household income per capita,5812.8
1977,Quebec,Household income per capita,6437.5
1978,Quebec,Household income per capita,7102.7
1979,Quebec,Household income per capita,7934.9
1980,Quebec,Household income per capita,8970.6
1981,Quebec,Household income per capita,10250.3
1982,Quebec,Household income per capita,11087.2
1983,Quebec,Household income per capita,11655.1
1984,Quebec,Household income per capita,12772.4
1985,Quebec,Household income per capita,13670.5
1986,Quebec,Household income per capita,14560.1
1987,Quebec,Household income per capita,15532
1988,Quebec,Household income per capita,16674.2
1989,Quebec,Household income per capita,17651.5
1990,Quebec,Household income per capita,18630.8
1991,Quebec,Household income per capita,19097.5
1992,Quebec,Household income per capita,19541.2
1993,Quebec,Household income per capita,19912.1
1994,Quebec,Household income per capita,20079.3
1995,Quebec,Household income per capita,20493.2
1996,Quebec,Household income per capita,20845.8
1997,Quebec,Household income per capita,21359.2
1998,Quebec,Household income per capita,22095.3
1999,Quebec,Household income per capita,23075.2
2000,Quebec,Household income per capita,24667.9
2001,Quebec,Household income per capita,25398
2002,Quebec,Household income per capita,26170.6
2003,Quebec,Household income per capita,27128.5
2004,Quebec,Household income per capita,28183.8
2005,Quebec,Household income per capita,29118.5
2006,Quebec,Household income per capita,30346
2007,Quebec,Household income per capita,31900.6
2008,Quebec,Household income per capita,32907.9
2009,Quebec,Household income per capita,33007.7
2010,Quebec,Household income per capita,33639.3
2011,Quebec,Household income per capita,34767.1
2012,Quebec,Household income per capita,35970.1
2013,Quebec,Household income per capita,36446.5
1926,Ontario,Household income per capita,474.1
1927,Ontario,Household income per capita,493.9
1928,Ontario,Household income per capita,521.4
1929,Ontario,Household income per capita,549.2
1930,Ontario,Household income per capita,513.9
1931,Ontario,Household income per capita,437.4
1932,Ontario,Household income per capita,353.3
1933,Ontario,Household income per capita,330
1934,Ontario,Household income per capita,362
1935,Ontario,Household income per capita,383.2
1936,Ontario,Household income per capita,399.1
1937,Ontario,Household income per capita,445.7
1938,Ontario,Household income per capita,445.3
1939,Ontario,Household income per capita,461.7
1940,Ontario,Household income per capita,530
1941,Ontario,Household income per capita,644.7
1942,Ontario,Household income per capita,750
1943,Ontario,Household income per capita,827.3
1944,Ontario,Household income per capita,869.5
1945,Ontario,Household income per capita,898.5
1946,Ontario,Household income per capita,897.6
1947,Ontario,Household income per capita,987.3
1948,Ontario,Household income per capita,1105
1949,Ontario,Household income per capita,1155.8
1950,Ontario,Household income per capita,1227.7
1951,Ontario,Household income per capita,1381
1952,Ontario,Household income per capita,1476.1
1953,Ontario,Household income per capita,1524.6
1954,Ontario,Household income per capita,1518.9
1955,Ontario,Household income per capita,1585
1956,Ontario,Household income per capita,1688.2
1957,Ontario,Household income per capita,1782.4
1958,Ontario,Household income per capita,1818.1
1959,Ontario,Household income per capita,1872.2
1960,Ontario,Household income per capita,1912
1961,Ontario,Household income per capita,1922.9
1962,Ontario,Household income per capita,2029.1
1963,Ontario,Household income per capita,2128.4
1964,Ontario,Household income per capita,2253.7
1965,Ontario,Household income per capita,2432.2
1966,Ontario,Household income per capita,2683.8
1967,Ontario,Household income per capita,2879.5
1968,Ontario,Household income per capita,3135.9
1969,Ontario,Household income per capita,3454.9
1970,Ontario,Household income per capita,3690.1
1971,Ontario,Household income per capita,3966.9
1972,Ontario,Household income per capita,4332.7
1973,Ontario,Household income per capita,4916.7
1974,Ontario,Household income per capita,5672.8
1975,Ontario,Household income per capita,6430.2
1976,Ontario,Household income per capita,7202
1977,Ontario,Household income per capita,7811
1978,Ontario,Household income per capita,8545.9
1979,Ontario,Household income per capita,9458.7
1980,Ontario,Household income per capita,10461.5
1981,Ontario,Household income per capita,12092.6
1982,Ontario,Household income per capita,13374.1
1983,Ontario,Household income per capita,14317.9
1984,Ontario,Household income per capita,15542.6
1985,Ontario,Household income per capita,16692.5
1986,Ontario,Household income per capita,17765.8
1987,Ontario,Household income per capita,19000
1988,Ontario,Household income per capita,20613.2
1989,Ontario,Household income per capita,21757
1990,Ontario,Household income per capita,22465.6
1991,Ontario,Household income per capita,22744.8
1992,Ontario,Household income per capita,23062.5
1993,Ontario,Household income per capita,23270.6
1994,Ontario,Household income per capita,23479.8
1995,Ontario,Household income per capita,24102.8
1996,Ontario,Household income per capita,24340
1997,Ontario,Household income per capita,25331.5
1998,Ontario,Household income per capita,26401.8
1999,Ontario,Household income per capita,27604.6
2000,Ontario,Household income per capita,29181.7
2001,Ontario,Household income per capita,29639.6
2002,Ontario,Household income per capita,29850.1
2003,Ontario,Household income per capita,30465.5
2004,Ontario,Household income per capita,31622.8
2005,Ontario,Household income per capita,32690.3
2006,Ontario,Household income per capita,34082.8
2007,Ontario,Household income per capita,35537.2
2008,Ontario,Household income per capita,36310.7
2009,Ontario,Household income per capita,36473.4
2010,Ontario,Household income per capita,37375
2011,Ontario,Household income per capita,38468.9
2012,Ontario,Household income per capita,39340.8
2013,Ontario,Household income per capita,40128.8
1926,Manitoba,Household income per capita,435.1
1927,Manitoba,Household income per capita,393.2
1928,Manitoba,Household income per capita,456.3
1929,Manitoba,Household income per capita,425.4
1930,Manitoba,Household income per capita,397.7
1931,Manitoba,Household income per capita,301.4
1932,Manitoba,Household income per capita,262.4
1933,Manitoba,Household income per capita,235.9
1934,Manitoba,Household income per capita,262.3
1935,Manitoba,Household income per capita,264.8
1936,Manitoba,Household income per capita,285.5
1937,Manitoba,Household income per capita,362.2
1938,Manitoba,Household income per capita,318.1
1939,Manitoba,Household income per capita,330.6
1940,Manitoba,Household income per capita,375
1941,Manitoba,Household income per capita,449.3
1942,Manitoba,Household income per capita,553.9
1943,Manitoba,Household income per capita,594.7
1944,Manitoba,Household income per capita,649.2
1945,Manitoba,Household income per capita,675.4
1946,Manitoba,Household income per capita,775.8
1947,Manitoba,Household income per capita,839
1948,Manitoba,Household income per capita,985.3
1949,Manitoba,Household income per capita,976.2
1950,Manitoba,Household income per capita,1000
1951,Manitoba,Household income per capita,1144.3
1952,Manitoba,Household income per capita,1201.5
1953,Manitoba,Household income per capita,1189.8
1954,Manitoba,Household income per capita,1157.5
1955,Manitoba,Household income per capita,1212.7
1956,Manitoba,Household income per capita,1345.5
1957,Manitoba,Household income per capita,1351.6
1958,Manitoba,Household income per capita,1466.7
1959,Manitoba,Household income per capita,1513.5
1960,Manitoba,Household income per capita,1565.9
1961,Manitoba,Household income per capita,1483.1
1962,Manitoba,Household income per capita,1647.4
1963,Manitoba,Household income per capita,1650.5
1964,Manitoba,Household income per capita,1772.2
1965,Manitoba,Household income per capita,1878.6
1966,Manitoba,Household income per capita,2021.8
1967,Manitoba,Household income per capita,2266.4
1968,Manitoba,Household income per capita,2483.5
1969,Manitoba,Household income per capita,2619.2
1970,Manitoba,Household income per capita,2771.7
1971,Manitoba,Household income per capita,3020.3
1972,Manitoba,Household income per capita,3318
1973,Manitoba,Household income per capita,3927.4
1974,Manitoba,Household income per capita,4545.8
1975,Manitoba,Household income per capita,5246.6
1976,Manitoba,Household income per capita,5730.1
1977,Manitoba,Household income per capita,6247.1
1978,Manitoba,Household income per capita,6944.2
1979,Manitoba,Household income per capita,7604.6
1980,Manitoba,Household income per capita,8350.1
1981,Manitoba,Household income per capita,10192.3
1982,Manitoba,Household income per capita,11422.3
1983,Manitoba,Household income per capita,11704.5
1984,Manitoba,Household income per capita,13042.1
1985,Manitoba,Household income per capita,14006.5
1986,Manitoba,Household income per capita,14599.1
1987,Manitoba,Household income per capita,15115.8
1988,Manitoba,Household income per capita,16229.8
1989,Manitoba,Household income per capita,17156.8
1990,Manitoba,Household income per capita,18452.9
1991,Manitoba,Household income per capita,18693.1
1992,Manitoba,Household income per capita,19109.8
1993,Manitoba,Household income per capita,19473.1
1994,Manitoba,Household income per capita,19822.5
1995,Manitoba,Household income per capita,20325.6
1996,Manitoba,Household income per capita,20668.7
1997,Manitoba,Household income per capita,21087.1
1998,Manitoba,Household income per capita,22017.6
1999,Manitoba,Household income per capita,22779.1
2000,Manitoba,Household income per capita,23738.2
2001,Manitoba,Household income per capita,24309.6
2002,Manitoba,Household income per capita,25016.5
2003,Manitoba,Household income per capita,25629.6
2004,Manitoba,Household income per capita,26663.2
2005,Manitoba,Household income per capita,27549.7
2006,Manitoba,Household income per capita,29033.8
2007,Manitoba,Household income per capita,30736.1
2008,Manitoba,Household income per capita,32125.5
2009,Manitoba,Household income per capita,32444.4
2010,Manitoba,Household income per capita,32905.5
2011,Manitoba,Household income per capita,34137.5
2012,Manitoba,Household income per capita,35560.2
2013,Manitoba,Household income per capita,36461.5
1926,Saskatchewan,Household income per capita,403.2
1927,Saskatchewan,Household income per capita,413.8
1928,Saskatchewan,Household income per capita,432.7
1929,Saskatchewan,Household income per capita,285.4
1930,Saskatchewan,Household income per capita,242.5
1931,Saskatchewan,Household income per capita,147.5
1932,Saskatchewan,Household income per capita,148.3
1933,Saskatchewan,Household income per capita,117.7
1934,Saskatchewan,Household income per capita,146.6
1935,Saskatchewan,Household income per capita,181.7
1936,Saskatchewan,Household income per capita,176.2
1937,Saskatchewan,Household income per capita,149.7
1938,Saskatchewan,Household income per capita,201.3
1939,Saskatchewan,Household income per capita,272.6
1940,Saskatchewan,Household income per capita,285.6
1941,Saskatchewan,Household income per capita,282.4
1942,Saskatchewan,Household income per capita,595.5
1943,Saskatchewan,Household income per capita,476.1
1944,Saskatchewan,Household income per capita,726.1
1945,Saskatchewan,Household income per capita,595.4
1946,Saskatchewan,Household income per capita,713.1
1947,Saskatchewan,Household income per capita,720.1
1948,Saskatchewan,Household income per capita,879.5
1949,Saskatchewan,Household income per capita,901.4
1950,Saskatchewan,Household income per capita,812.7
1951,Saskatchewan,Household income per capita,1203.1
1952,Saskatchewan,Household income per capita,1356.8
1953,Saskatchewan,Household income per capita,1239.8
1954,Saskatchewan,Household income per capita,881.5
1955,Saskatchewan,Household income per capita,1123.1
1956,Saskatchewan,Household income per capita,1276.5
1957,Saskatchewan,Household income per capita,1102.9
1958,Saskatchewan,Household income per capita,1211.7
1959,Saskatchewan,Household income per capita,1237
1960,Saskatchewan,Household income per capita,1382.7
1961,Saskatchewan,Household income per capita,1119.3
1962,Saskatchewan,Household income per capita,1535.6
1963,Saskatchewan,Household income per capita,1682.8
1964,Saskatchewan,Household income per capita,1541
1965,Saskatchewan,Household income per capita,1759.5
1966,Saskatchewan,Household income per capita,1963.3
1967,Saskatchewan,Household income per capita,1862.8
1968,Saskatchewan,Household income per capita,2102.2
1969,Saskatchewan,Household income per capita,2185.6
1970,Saskatchewan,Household income per capita,2115.7
1971,Saskatchewan,Household income per capita,2525.9
1972,Saskatchewan,Household income per capita,2750.3
1973,Saskatchewan,Household income per capita,3641.4
1974,Saskatchewan,Household income per capita,4541.9
1975,Saskatchewan,Household income per capita,5576.1
1976,Saskatchewan,Household income per capita,5960.2
1977,Saskatchewan,Household income per capita,5987.2
1978,Saskatchewan,Household income per capita,6738.9
1979,Saskatchewan,Household income per capita,7451.4
1980,Saskatchewan,Household income per capita,8199
1981,Saskatchewan,Household income per capita,10489.2
1982,Saskatchewan,Household income per capita,11712.4
1983,Saskatchewan,Household income per capita,11826.5
1984,Saskatchewan,Household income per capita,12457
1985,Saskatchewan,Household income per capita,13210.4
1986,Saskatchewan,Household income per capita,14378.4
1987,Saskatchewan,Household income per capita,13620.8
1988,Saskatchewan,Household income per capita,14613.2
1989,Saskatchewan,Household income per capita,15324.5
1990,Saskatchewan,Household income per capita,16794.1
1991,Saskatchewan,Household income per capita,17279.2
1992,Saskatchewan,Household income per capita,17314.1
1993,Saskatchewan,Household income per capita,17838.8
1994,Saskatchewan,Household income per capita,18258.7
1995,Saskatchewan,Household income per capita,19010.9
1996,Saskatchewan,Household income per capita,19805.5
1997,Saskatchewan,Household income per capita,19698.4
1998,Saskatchewan,Household income per capita,20400.2
1999,Saskatchewan,Household income per capita,21357.3
2000,Saskatchewan,Household income per capita,22441
2001,Saskatchewan,Household income per capita,23170.7
2002,Saskatchewan,Household income per capita,24006
2003,Saskatchewan,Household income per capita,25201.8
2004,Saskatchewan,Household income per capita,26686.1
2005,Saskatchewan,Household income per capita,27701.5
2006,Saskatchewan,Household income per capita,29761.9
2007,Saskatchewan,Household income per capita,32539.1
2008,Saskatchewan,Household income per capita,36389.9
2009,Saskatchewan,Household income per capita,35850.5
2010,Saskatchewan,Household income per capita,36515.8
2011,Saskatchewan,Household income per capita,39128.2
2012,Saskatchewan,Household income per capita,40713.2
2013,Saskatchewan,Household income per capita,43061.8
1926,Alberta,Household income per capita,483.6
1927,Alberta,Household income per capita,552.9
1928,Alberta,Household income per capita,495.4
1929,Alberta,Household income per capita,425.4
1930,Alberta,Household income per capita,382.8
1931,Alberta,Household income per capita,273.2
1932,Alberta,Household income per capita,231.1
1933,Alberta,Household income per capita,194.7
1934,Alberta,Household income per capita,242.7
1935,Alberta,Household income per capita,245.8
1936,Alberta,Household income per capita,248.4
1937,Alberta,Household income per capita,328.6
1938,Alberta,Household income per capita,348.3
1939,Alberta,Household income per capita,335.9
1940,Alberta,Household income per capita,394.9
1941,Alberta,Household income per capita,409.5
1942,Alberta,Household income per capita,653.4
1943,Alberta,Household income per capita,574.5
1944,Alberta,Household income per capita,720.3
1945,Alberta,Household income per capita,698
1946,Alberta,Household income per capita,858
1947,Alberta,Household income per capita,928.5
1948,Alberta,Household income per capita,1074.9
1949,Alberta,Household income per capita,1048.6
1950,Alberta,Household income per capita,1046
1951,Alberta,Household income per capita,1332.3
1952,Alberta,Household income per capita,1393.8
1953,Alberta,Household income per capita,1411.2
1954,Alberta,Household income per capita,1281.8
1955,Alberta,Household income per capita,1357.9
1956,Alberta,Household income per capita,1534.9
1957,Alberta,Household income per capita,1514.3
1958,Alberta,Household income per capita,1631.1
1959,Alberta,Household income per capita,1642.2
1960,Alberta,Household income per capita,1664.6
1961,Alberta,Household income per capita,1664.9
1962,Alberta,Household income per capita,1768.9
1963,Alberta,Household income per capita,1816.9
1964,Alberta,Household income per capita,1876.5
1965,Alberta,Household income per capita,2050.5
1966,Alberta,Household income per capita,2311.2
1967,Alberta,Household income per capita,2480.8
1968,Alberta,Household income per capita,2701.6
1969,Alberta,Household income per capita,2938.8
1970,Alberta,Household income per capita,3095.7
1971,Alberta,Household income per capita,3354.3
1972,Alberta,Household income per capita,3688.8
1973,Alberta,Household income per capita,4320.7
1974,Alberta,Household income per capita,5170
1975,Alberta,Household income per capita,6099.7
1976,Alberta,Household income per capita,6828.9
1977,Alberta,Household income per capita,7468.2
1978,Alberta,Household income per capita,8511.2
1979,Alberta,Household income per capita,9774.5
1980,Alberta,Household income per capita,11263.3
1981,Alberta,Household income per capita,13410.6
1982,Alberta,Household income per capita,14394.1
1983,Alberta,Household income per capita,14490.8
1984,Alberta,Household income per capita,14912.4
1985,Alberta,Household income per capita,16405.2
1986,Alberta,Household income per capita,16752.6
1987,Alberta,Household income per capita,17225.9
1988,Alberta,Household income per capita,18842.9
1989,Alberta,Household income per capita,19964.6
1990,Alberta,Household income per capita,21343.5
1991,Alberta,Household income per capita,21867.1
1992,Alberta,Household income per capita,21978.3
1993,Alberta,Household income per capita,22708.4
1994,Alberta,Household income per capita,22920.5
1995,Alberta,Household income per capita,23173.2
1996,Alberta,Household income per capita,23863.2
1997,Alberta,Household income per capita,25399.6
1998,Alberta,Household income per capita,26692
1999,Alberta,Household income per capita,27111.7
2000,Alberta,Household income per capita,29047.2
2001,Alberta,Household income per capita,31594.2
2002,Alberta,Household income per capita,31860.7
2003,Alberta,Household income per capita,32681.9
2004,Alberta,Household income per capita,34985.4
2005,Alberta,Household income per capita,38284.3
2006,Alberta,Household income per capita,42161.3
2007,Alberta,Household income per capita,44318.5
2008,Alberta,Household income per capita,46454.7
2009,Alberta,Household income per capita,44049.7
2010,Alberta,Household income per capita,44853.8
2011,Alberta,Household income per capita,47703.1
2012,Alberta,Household income per capita,50478.9
2013,Alberta,Household income per capita,52706.2
1926,British Columbia,Household income per capita,514.9
1927,British Columbia,Household income per capita,529.7
1928,British Columbia,Household income per capita,564.7
1929,British Columbia,Household income per capita,590.3
1930,British Columbia,Household income per capita,538.5
1931,British Columbia,Household income per capita,451
1932,British Columbia,Household income per capita,372
1933,British Columbia,Household income per capita,347.3
1934,British Columbia,Household income per capita,372.8
1935,British Columbia,Household income per capita,400.8
1936,British Columbia,Household income per capita,426.8
1937,British Columbia,Household income per capita,470.4
1938,British Columbia,Household income per capita,472.3
1939,British Columbia,Household income per capita,477.3
1940,British Columbia,Household income per capita,528
1941,British Columbia,Household income per capita,613.7
1942,British Columbia,Household income per capita,733.3
1943,British Columbia,Household income per capita,832.2
1944,British Columbia,Household income per capita,835.8
1945,British Columbia,Household income per capita,872.5
1946,British Columbia,Household income per capita,912.3
1947,British Columbia,Household income per capita,1014.4
1948,British Columbia,Household income per capita,1139.6
1949,British Columbia,Household income per capita,1173.4
1950,British Columbia,Household income per capita,1262.1
1951,British Columbia,Household income per capita,1388.8
1952,British Columbia,Household income per capita,1510.9
1953,British Columbia,Household income per capita,1545.1
1954,British Columbia,Household income per capita,1544.3
1955,British Columbia,Household income per capita,1631.2
1956,British Columbia,Household income per capita,1736.3
1957,British Columbia,Household income per capita,1804.5
1958,British Columbia,Household income per capita,1767
1959,British Columbia,Household income per capita,1834.8
1960,British Columbia,Household income per capita,1863.4
1961,British Columbia,Household income per capita,1862.2
1962,British Columbia,Household income per capita,1942
1963,British Columbia,Household income per capita,2031.9
1964,British Columbia,Household income per capita,2169.3
1965,British Columbia,Household income per capita,2350.3
1966,British Columbia,Household income per capita,2539.2
1967,British Columbia,Household income per capita,2709.3
1968,British Columbia,Household income per capita,2870.7
1969,British Columbia,Household income per capita,3168.6
1970,British Columbia,Household income per capita,3340.4
1971,British Columbia,Household income per capita,3624.9
1972,British Columbia,Household income per capita,3999.1
1973,British Columbia,Household income per capita,4688.6
1974,British Columbia,Household income per capita,5480.4
1975,British Columbia,Household income per capita,6250.3
1976,British Columbia,Household income per capita,7057
1977,British Columbia,Household income per capita,7789.9
1978,British Columbia,Household income per capita,8614.8
1979,British Columbia,Household income per capita,9610
1980,British Columbia,Household income per capita,10997.1
1981,British Columbia,Household income per capita,12704.8
1982,British Columbia,Household income per capita,13492.3
1983,British Columbia,Household income per capita,13656.1
1984,British Columbia,Household income per capita,14205.5
1985,British Columbia,Household income per capita,15033.7
1986,British Columbia,Household income per capita,15750.8
1987,British Columbia,Household income per capita,16941
1988,British Columbia,Household income per capita,18313.8
1989,British Columbia,Household income per capita,19912.1
1990,British Columbia,Household income per capita,21371
1991,British Columbia,Household income per capita,21915
1992,British Columbia,Household income per capita,22401.1
1993,British Columbia,Household income per capita,22783.7
1994,British Columbia,Household income per capita,23153.3
1995,British Columbia,Household income per capita,23560.9
1996,British Columbia,Household income per capita,23591.7
1997,British Columbia,Household income per capita,23872.3
1998,British Columbia,Household income per capita,24171.9
1999,British Columbia,Household income per capita,24976
2000,British Columbia,Household income per capita,26047.1
2001,British Columbia,Household income per capita,26695
2002,British Columbia,Household income per capita,27586
2003,British Columbia,Household income per capita,28400
2004,British Columbia,Household income per capita,29912.4
2005,British Columbia,Household income per capita,31460
2006,British Columbia,Household income per capita,33949.4
2007,British Columbia,Household income per capita,35490.5
2008,British Columbia,Household income per capita,36424.7
2009,British Columbia,Household income per capita,35828.5
2010,British Columbia,Household income per capita,36402.1
2011,British Columbia,Household income per capita,37943.2
2012,British Columbia,Household income per capita,39139.3
2013,British Columbia,Household income per capita,40631.6
1926,"Yukon, Northwest territories, Nunavut",Household income per capita,..
1927,"Yukon, Northwest territories, Nunavut",Household income per capita,..
1928,"Yukon, Northwest territories, Nunavut",Household income per capita,..
1929,"Yukon, Northwest territories, Nunavut",Household income per capita,..
1930,"Yukon, Northwest territories, Nunavut",Household income per capita,..
1931,"Yukon, Northwest territories, Nunavut",Household income per capita,..
1932,"Yukon, Northwest territories, Nunavut",Household income per capita,..
1933,"Yukon, Northwest territories, Nunavut",Household income per capita,..
1934,"Yukon, Northwest territories, Nunavut",Household income per capita,..
1935,"Yukon, Northwest territories, Nunavut",Household income per capita,..
1936,"Yukon, Northwest territories, Nunavut",Household income per capita,..
1937,"Yukon, Northwest territories, Nunavut",Household income per capita,..
1938,"Yukon, Northwest territories, Nunavut",Household income per capita,..
1939,"Yukon, Northwest territories, Nunavut",Household income per capita,..
1940,"Yukon, Northwest territories, Nunavut",Household income per capita,..
1941,"Yukon, Northwest territories, Nunavut",Household income per capita,..
1942,"Yukon, Northwest territories, Nunavut",Household income per capita,..
1943,"Yukon, Northwest territories, Nunavut",Household income per capita,..
1944,"Yukon, Northwest territories, Nunavut",Household income per capita,..
1945,"Yukon, Northwest territories, Nunavut",Household income per capita,..
1946,"Yukon, Northwest territories, Nunavut",Household income per capita,..
1947,"Yukon, Northwest territories, Nunavut",Household income per capita,..
1948,"Yukon, Northwest territories, Nunavut",Household income per capita,..
1949,"Yukon, Northwest territories, Nunavut",Household income per capita,..
1950,"Yukon, Northwest territories, Nunavut",Household income per capita,..
1951,"Yukon, Northwest territories, Nunavut",Household income per capita,1160
1952,"Yukon, Northwest territories, Nunavut",Household income per capita,1440
1953,"Yukon, Northwest territories, Nunavut",Household income per capita,1560
1954,"Yukon, Northwest territories, Nunavut",Household income per capita,1666.7
1955,"Yukon, Northwest territories, Nunavut",Household income per capita,1689.7
1956,"Yukon, Northwest territories, Nunavut",Household income per capita,2129
1957,"Yukon, Northwest territories, Nunavut",Household income per capita,2129
1958,"Yukon, Northwest territories, Nunavut",Household income per capita,2000
1959,"Yukon, Northwest territories, Nunavut",Household income per capita,2029.4
1960,"Yukon, Northwest territories, Nunavut",Household income per capita,2000
1961,"Yukon, Northwest territories, Nunavut",Household income per capita,1918.9
1962,"Yukon, Northwest territories, Nunavut",Household income per capita,1871.8
1963,"Yukon, Northwest territories, Nunavut",Household income per capita,1900
1964,"Yukon, Northwest territories, Nunavut",Household income per capita,2023.8
1965,"Yukon, Northwest territories, Nunavut",Household income per capita,2119
1966,"Yukon, Northwest territories, Nunavut",Household income per capita,2357.1
1967,"Yukon, Northwest territories, Nunavut",Household income per capita,2590.9
1968,"Yukon, Northwest territories, Nunavut",Household income per capita,2800
1969,"Yukon, Northwest territories, Nunavut",Household income per capita,3255.3
1970,"Yukon, Northwest territories, Nunavut",Household income per capita,3775.5
1971,"Yukon, Northwest territories, Nunavut",Household income per capita,3788.5
1972,"Yukon, Northwest territories, Nunavut",Household income per capita,4017.2
1973,"Yukon, Northwest territories, Nunavut",Household income per capita,4573.8
1974,"Yukon, Northwest territories, Nunavut",Household income per capita,5387.1
1975,"Yukon, Northwest territories, Nunavut",Household income per capita,6250
1976,"Yukon, Northwest territories, Nunavut",Household income per capita,6954.5
1977,"Yukon, Northwest territories, Nunavut",Household income per capita,8194
1978,"Yukon, Northwest territories, Nunavut",Household income per capita,9029.4
1979,"Yukon, Northwest territories, Nunavut",Household income per capita,10176.5
1980,"Yukon, Northwest territories, Nunavut",Household income per capita,11260.9
1981,"Yukon, Northwest territories, Nunavut",Household income per capita,13295.8
1982,"Yukon, Northwest territories, Nunavut",Household income per capita,14219.2
1983,"Yukon, Northwest territories, Nunavut",Household income per capita,14675.7
1984,"Yukon, Northwest territories, Nunavut",Household income per capita,15960.5
1985,"Yukon, Northwest territories, Nunavut",Household income per capita,16628.2
1986,"Yukon, Northwest territories, Nunavut",Household income per capita,17278.5
1987,"Yukon, Northwest territories, Nunavut",Household income per capita,18550
1988,"Yukon, Northwest territories, Nunavut",Household income per capita,20256.1
1989,"Yukon, Northwest territories, Nunavut",Household income per capita,21500
1990,"Yukon, Northwest territories, Nunavut",Household income per capita,22907
1991,"Yukon, Northwest territories, Nunavut",Household income per capita,23640.4
1992,"Yukon, Northwest territories, Nunavut",Household income per capita,24329.7
1993,"Yukon, Northwest territories, Nunavut",Household income per capita,24387.1
1994,"Yukon, Northwest territories, Nunavut",Household income per capita,24925.5
1995,"Yukon, Northwest territories, Nunavut",Household income per capita,25354.2
1996,"Yukon, Northwest territories, Nunavut",Household income per capita,25428.6
1997,"Yukon, Northwest territories, Nunavut",Household income per capita,25131.3
1998,"Yukon, Northwest territories, Nunavut",Household income per capita,26000
1999,"Yukon, Northwest territories, Nunavut",Household income per capita,27826.5
2000,"Yukon, Northwest territories, Nunavut",Household income per capita,29234.7
2001,"Yukon, Northwest territories, Nunavut",Household income per capita,31424.2
2002,"Yukon, Northwest territories, Nunavut",Household income per capita,33040
2003,"Yukon, Northwest territories, Nunavut",Household income per capita,34068.6
2004,"Yukon, Northwest territories, Nunavut",Household income per capita,35076.9
2005,"Yukon, Northwest territories, Nunavut",Household income per capita,36761.9
2006,"Yukon, Northwest territories, Nunavut",Household income per capita,38867.9
2007,"Yukon, Northwest territories, Nunavut",Household income per capita,41915.9
2008,"Yukon, Northwest territories, Nunavut",Household income per capita,43907.4
2009,"Yukon, Northwest territories, Nunavut",Household income per capita,43642.2
2010,"Yukon, Northwest territories, Nunavut",Household income per capita,44711.7
2011,"Yukon, Northwest territories, Nunavut",Household income per capita,46991.1
2012,"Yukon, Northwest territories, Nunavut",Household income per capita,48780.7
2013,"Yukon, Northwest territories, Nunavut",Household income per capita,49791.3
1926,Yukon,Household income per capita,..
1927,Yukon,Household income per capita,..
1928,Yukon,Household income per capita,..
1929,Yukon,Household income per capita,..
1930,Yukon,Household income per capita,..
1931,Yukon,Household income per capita,..
1932,Yukon,Household income per capita,..
1933,Yukon,Household income per capita,..
1934,Yukon,Household income per capita,..
1935,Yukon,Household income per capita,..
1936,Yukon,Household income per capita,..
1937,Yukon,Household income per capita,..
1938,Yukon,Household income per capita,..
1939,Yukon,Household income per capita,..
1940,Yukon,Household income per capita,..
1941,Yukon,Household income per capita,..
1942,Yukon,Household income per capita,..
1943,Yukon,Household income per capita,..
1944,Yukon,Household income per capita,..
1945,Yukon,Household income per capita,..
1946,Yukon,Household income per capita,..
1947,Yukon,Household income per capita,..
1948,Yukon,Household income per capita,..
1949,Yukon,Household income per capita,..
1950,Yukon,Household income per capita,..
1951,Yukon,Household income per capita,..
1952,Yukon,Household income per capita,..
1953,Yukon,Household income per capita,..
1954,Yukon,Household income per capita,..
1955,Yukon,Household income per capita,..
1956,Yukon,Household income per capita,..
1957,Yukon,Household income per capita,..
1958,Yukon,Household income per capita,..
1959,Yukon,Household income per capita,..
1960,Yukon,Household income per capita,..
1961,Yukon,Household income per capita,..
1962,Yukon,Household income per capita,..
1963,Yukon,Household income per capita,..
1964,Yukon,Household income per capita,..
1965,Yukon,Household income per capita,..
1966,Yukon,Household income per capita,..
1967,Yukon,Household income per capita,..
1968,Yukon,Household income per capita,..
1969,Yukon,Household income per capita,..
1970,Yukon,Household income per capita,..
1971,Yukon,Household income per capita,..
1972,Yukon,Household income per capita,..
1973,Yukon,Household income per capita,..
1974,Yukon,Household income per capita,..
1975,Yukon,Household income per capita,..
1976,Yukon,Household income per capita,..
1977,Yukon,Household income per capita,..
1978,Yukon,Household income per capita,..
1979,Yukon,Household income per capita,..
1980,Yukon,Household income per capita,..
1981,Yukon,Household income per capita,15000
1982,Yukon,Household income per capita,13920
1983,Yukon,Household income per capita,14833.3
1984,Yukon,Household income per capita,16166.7
1985,Yukon,Household income per capita,16875
1986,Yukon,Household income per capita,18541.7
1987,Yukon,Household income per capita,19680
1988,Yukon,Household income per capita,21038.5
1989,Yukon,Household income per capita,21963
1990,Yukon,Household income per capita,23214.3
1991,Yukon,Household income per capita,24285.7
1992,Yukon,Household income per capita,24833.3
1993,Yukon,Household income per capita,24233.3
1994,Yukon,Household income per capita,24200
1995,Yukon,Household income per capita,26166.7
1996,Yukon,Household income per capita,26612.9
1997,Yukon,Household income per capita,25562.5
1998,Yukon,Household income per capita,26451.6
1999,Yukon,Household income per capita,27871
2000,Yukon,Household income per capita,29666.7
2001,Yukon,Household income per capita,31900
2002,Yukon,Household income per capita,33600
2003,Yukon,Household income per capita,33806.5
2004,Yukon,Household income per capita,35838.7
2005,Yukon,Household income per capita,37375
2006,Yukon,Household income per capita,40031.3
2007,Yukon,Household income per capita,44187.5
2008,Yukon,Household income per capita,45242.4
2009,Yukon,Household income per capita,44970.6
2010,Yukon,Household income per capita,47852.9
2011,Yukon,Household income per capita,50514.3
2012,Yukon,Household income per capita,51277.8
2013,Yukon,Household income per capita,52666.7
1926,Northwest territories including Nunavut,Household income per capita,..
1927,Northwest territories including Nunavut,Household income per capita,..
1928,Northwest territories including Nunavut,Household income per capita,..
1929,Northwest territories including Nunavut,Household income per capita,..
1930,Northwest territories including Nunavut,Household income per capita,..
1931,Northwest territories including Nunavut,Household income per capita,..
1932,Northwest territories including Nunavut,Household income per capita,..
1933,Northwest territories including Nunavut,Household income per capita,..
1934,Northwest territories including Nunavut,Household income per capita,..
1935,Northwest territories including Nunavut,Household income per capita,..
1936,Northwest territories including Nunavut,Household income per capita,..
1937,Northwest territories including Nunavut,Household income per capita,..
1938,Northwest territories including Nunavut,Household income per capita,..
1939,Northwest territories including Nunavut,Household income per capita,..
1940,Northwest territories including Nunavut,Household income per capita,..
1941,Northwest territories including Nunavut,Household income per capita,..
1942,Northwest territories including Nunavut,Household income per capita,..
1943,Northwest territories including Nunavut,Household income per capita,..
1944,Northwest territories including Nunavut,Household income per capita,..
1945,Northwest territories including Nunavut,Household income per capita,..
1946,Northwest territories including Nunavut,Household income per capita,..
1947,Northwest territories including Nunavut,Household income per capita,..
1948,Northwest territories including Nunavut,Household income per capita,..
1949,Northwest territories including Nunavut,Household income per capita,..
1950,Northwest territories including Nunavut,Household income per capita,..
1951,Northwest territories including Nunavut,Household income per capita,..
1952,Northwest territories including Nunavut,Household income per capita,..
1953,Northwest territories including Nunavut,Household income per capita,..
1954,Northwest territories including Nunavut,Household income per capita,..
1955,Northwest territories including Nunavut,Household income per capita,..
1956,Northwest territories including Nunavut,Household income per capita,..
1957,Northwest territories including Nunavut,Household income per capita,..
1958,Northwest territories including Nunavut,Household income per capita,..
1959,Northwest territories including Nunavut,Household income per capita,..
1960,Northwest territories including Nunavut,Household income per capita,..
1961,Northwest territories including Nunavut,Household income per capita,..
1962,Northwest territories including Nunavut,Household income per capita,..
1963,Northwest territories including Nunavut,Household income per capita,..
1964,Northwest territories including Nunavut,Household income per capita,..
1965,Northwest territories including Nunavut,Household income per capita,..
1966,Northwest territories including Nunavut,Household income per capita,..
1967,Northwest territories including Nunavut,Household income per capita,..
1968,Northwest territories including Nunavut,Household income per capita,..
1969,Northwest territories including Nunavut,Household income per capita,..
1970,Northwest territories including Nunavut,Household income per capita,..
1971,Northwest territories including Nunavut,Household income per capita,..
1972,Northwest territories including Nunavut,Household income per capita,..
1973,Northwest territories including Nunavut,Household income per capita,..
1974,Northwest territories including Nunavut,Household income per capita,..
1975,Northwest territories including Nunavut,Household income per capita,..
1976,Northwest territories including Nunavut,Household income per capita,..
1977,Northwest territories including Nunavut,Household income per capita,..
1978,Northwest territories including Nunavut,Household income per capita,..
1979,Northwest territories including Nunavut,Household income per capita,..
1980,Northwest territories including Nunavut,Household income per capita,..
1981,Northwest territories including Nunavut,Household income per capita,12425.5
1982,Northwest territories including Nunavut,Household income per capita,14081.6
1983,Northwest territories including Nunavut,Household income per capita,14600
1984,Northwest territories including Nunavut,Household income per capita,15865.4
1985,Northwest territories including Nunavut,Household income per capita,16518.5
1986,Northwest territories including Nunavut,Household income per capita,16727.3
1987,Northwest territories including Nunavut,Household income per capita,18036.4
1988,Northwest territories including Nunavut,Household income per capita,19892.9
1989,Northwest territories including Nunavut,Household income per capita,21280.7
1990,Northwest territories including Nunavut,Household income per capita,22758.6
1991,Northwest territories including Nunavut,Household income per capita,23733.3
1992,Northwest territories including Nunavut,Household income per capita,23693.5
1993,Northwest territories including Nunavut,Household income per capita,24460.3
1994,Northwest territories including Nunavut,Household income per capita,24876.9
1995,Northwest territories including Nunavut,Household income per capita,24984.8
1996,Northwest territories including Nunavut,Household income per capita,24880.6
1997,Northwest territories including Nunavut,Household income per capita,24558.8
1998,Northwest territories including Nunavut,Household income per capita,25791
1999,Northwest territories including Nunavut,Household income per capita,27806
2000,Northwest territories including Nunavut,Household income per capita,29044.1
2001,Northwest territories including Nunavut,Household income per capita,31217.4
2002,Northwest territories including Nunavut,Household income per capita,32800
2003,Northwest territories including Nunavut,Household income per capita,34183.1
2004,Northwest territories including Nunavut,Household income per capita,34753.4
2005,Northwest territories including Nunavut,Household income per capita,36000
2006,Northwest territories including Nunavut,Household income per capita,38364.9
2007,Northwest territories including Nunavut,Household income per capita,41500
2008,Northwest territories including Nunavut,Household income per capita,43320
2009,Northwest territories including Nunavut,Household income per capita,43040
2010,Northwest territories including Nunavut,Household income per capita,43894.7
2011,Northwest territories including Nunavut,Household income per capita,45389.6
2012,Northwest territories including Nunavut,Household income per capita,47628.2
2013,Northwest territories including Nunavut,Household income per capita,48481
1926,Northwest territories,Household income per capita,..
1927,Northwest territories,Household income per capita,..
1928,Northwest territories,Household income per capita,..
1929,Northwest territories,Household income per capita,..
1930,Northwest territories,Household income per capita,..
1931,Northwest territories,Household income per capita,..
1932,Northwest territories,Household income per capita,..
1933,Northwest territories,Household income per capita,..
1934,Northwest territories,Household income per capita,..
1935,Northwest territories,Household income per capita,..
1936,Northwest territories,Household income per capita,..
1937,Northwest territories,Household income per capita,..
1938,Northwest territories,Household income per capita,..
1939,Northwest territories,Household income per capita,..
1940,Northwest territories,Household income per capita,..
1941,Northwest territories,Household income per capita,..
1942,Northwest territories,Household income per capita,..
1943,Northwest territories,Household income per capita,..
1944,Northwest territories,Household income per capita,..
1945,Northwest territories,Household income per capita,..
1946,Northwest territories,Household income per capita,..
1947,Northwest territories,Household income per capita,..
1948,Northwest territories,Household income per capita,..
1949,Northwest territories,Household income per capita,..
1950,Northwest territories,Household income per capita,..
1951,Northwest territories,Household income per capita,..
1952,Northwest territories,Household income per capita,..
1953,Northwest territories,Household income per capita,..
1954,Northwest territories,Household income per capita,..
1955,Northwest territories,Household income per capita,..
1956,Northwest territories,Household income per capita,..
1957,Northwest territories,Household income per capita,..
1958,Northwest territories,Household income per capita,..
1959,Northwest territories,Household income per capita,..
1960,Northwest territories,Household income per capita,..
1961,Northwest territories,Household income per capita,..
1962,Northwest territories,Household income per capita,..
1963,Northwest territories,Household income per capita,..
1964,Northwest territories,Household income per capita,..
1965,Northwest territories,Household income per capita,..
1966,Northwest territories,Household income per capita,..
1967,Northwest territories,Household income per capita,..
1968,Northwest territories,Household income per capita,..
1969,Northwest territories,Household income per capita,..
1970,Northwest territories,Household income per capita,..
1971,Northwest territories,Household income per capita,..
1972,Northwest territories,Household income per capita,..
1973,Northwest territories,Household income per capita,..
1974,Northwest territories,Household income per capita,..
1975,Northwest territories,Household income per capita,..
1976,Northwest territories,Household income per capita,..
1977,Northwest territories,Household income per capita,..
1978,Northwest territories,Household income per capita,..
1979,Northwest territories,Household income per capita,..
1980,Northwest territories,Household income per capita,..
1981,Northwest territories,Household income per capita,..
1982,Northwest territories,Household income per capita,..
1983,Northwest territories,Household income per capita,..
1984,Northwest territories,Household income per capita,..
1985,Northwest territories,Household income per capita,..
1986,Northwest territories,Household income per capita,..
1987,Northwest territories,Household income per capita,..
1988,Northwest territories,Household income per capita,..
1989,Northwest territories,Household income per capita,..
1990,Northwest territories,Household income per capita,..
1991,Northwest territories,Household income per capita,..
1992,Northwest territories,Household income per capita,..
1993,Northwest territories,Household income per capita,..
1994,Northwest territories,Household income per capita,..
1995,Northwest territories,Household income per capita,..
1996,Northwest territories,Household income per capita,..
1997,Northwest territories,Household income per capita,..
1998,Northwest territories,Household income per capita,..
1999,Northwest territories,Household income per capita,31122
2000,Northwest territories,Household income per capita,33000
2001,Northwest territories,Household income per capita,35317.1
2002,Northwest territories,Household income per capita,37780.5
2003,Northwest territories,Household income per capita,38595.2
2004,Northwest territories,Household income per capita,39348.8
2005,Northwest territories,Household income per capita,41558.1
2006,Northwest territories,Household income per capita,44069.8
2007,Northwest territories,Household income per capita,48255.8
2008,Northwest territories,Household income per capita,50139.5
2009,Northwest territories,Household income per capita,49511.6
2010,Northwest territories,Household income per capita,50093
2011,Northwest territories,Household income per capita,51814
2012,Northwest territories,Household income per capita,54159.1
2013,Northwest territories,Household income per capita,55318.2
1926,Nunavut,Household income per capita,..
1927,Nunavut,Household income per capita,..
1928,Nunavut,Household income per capita,..
1929,Nunavut,Household income per capita,..
1930,Nunavut,Household income per capita,..
1931,Nunavut,Household income per capita,..
1932,Nunavut,Household income per capita,..
1933,Nunavut,Household income per capita,..
1934,Nunavut,Household income per capita,..
1935,Nunavut,Household income per capita,..
1936,Nunavut,Household income per capita,..
1937,Nunavut,Household income per capita,..
1938,Nunavut,Household income per capita,..
1939,Nunavut,Household income per capita,..
1940,Nunavut,Household income per capita,..
1941,Nunavut,Household income per capita,..
1942,Nunavut,Household income per capita,..
1943,Nunavut,Household income per capita,..
1944,Nunavut,Household income per capita,..
1945,Nunavut,Household income per capita,..
1946,Nunavut,Household income per capita,..
1947,Nunavut,Household income per capita,..
1948,Nunavut,Household income per capita,..
1949,Nunavut,Household income per capita,..
1950,Nunavut,Household income per capita,..
1951,Nunavut,Household income per capita,..
1952,Nunavut,Household income per capita,..
1953,Nunavut,Household income per capita,..
1954,Nunavut,Household income per capita,..
1955,Nunavut,Household income per capita,..
1956,Nunavut,Household income per capita,..
1957,Nunavut,Household income per capita,..
1958,Nunavut,Household income per capita,..
1959,Nunavut,Household income per capita,..
1960,Nunavut,Household income per capita,..
1961,Nunavut,Household income per capita,..
1962,Nunavut,Household income per capita,..
1963,Nunavut,Household income per capita,..
1964,Nunavut,Household income per capita,..
1965,Nunavut,Household income per capita,..
1966,Nunavut,Household income per capita,..
1967,Nunavut,Household income per capita,..
1968,Nunavut,Household income per capita,..
1969,Nunavut,Household income per capita,..
1970,Nunavut,Household income per capita,..
1971,Nunavut,Household income per capita,..
1972,Nunavut,Household income per capita,..
1973,Nunavut,Household income per capita,..
1974,Nunavut,Household income per capita,..
1975,Nunavut,Household income per capita,..
1976,Nunavut,Household income per capita,..
1977,Nunavut,Household income per capita,..
1978,Nunavut,Household income per capita,..
1979,Nunavut,Household income per capita,..
1980,Nunavut,Household income per capita,..
1981,Nunavut,Household income per capita,..
1982,Nunavut,Household income per capita,..
1983,Nunavut,Household income per capita,..
1984,Nunavut,Household income per capita,..
1985,Nunavut,Household income per capita,..
1986,Nunavut,Household income per capita,..
1987,Nunavut,Household income per capita,..
1988,Nunavut,Household income per capita,..
1989,Nunavut,Household income per capita,..
1990,Nunavut,Household income per capita,..
1991,Nunavut,Household income per capita,..
1992,Nunavut,Household income per capita,..
1993,Nunavut,Household income per capita,..
1994,Nunavut,Household income per capita,..
1995,Nunavut,Household income per capita,..
1996,Nunavut,Household income per capita,..
1997,Nunavut,Household income per capita,..
1998,Nunavut,Household income per capita,..
1999,Nunavut,Household income per capita,21740.7
2000,Nunavut,Household income per capita,24259.3
2001,Nunavut,Household income per capita,25214.3
2002,Nunavut,Household income per capita,26678.6
2003,Nunavut,Household income per capita,27793.1
2004,Nunavut,Household income per capita,28166.7
2005,Nunavut,Household income per capita,29233.3
2006,Nunavut,Household income per capita,30451.6
2007,Nunavut,Household income per capita,32129
2008,Nunavut,Household income per capita,34156.3
2009,Nunavut,Household income per capita,34343.8
2010,Nunavut,Household income per capita,35818.2
2011,Nunavut,Household income per capita,37264.7
2012,Nunavut,Household income per capita,38057.1
2013,Nunavut,Household income per capita,39885.7
